Priority,Cluster,Page Type,Target Query,Angle,CTA,Status
1,First batch,Landing page,FurQuiet first batch,Waitlist for sample QA updates and launch timing,Join first batch,template added
1,Sample QA,Landing page,FurQuiet sample QA,Show what is pending before checkout scales,Join first batch,template added
1,Dog shedding,Landing page,best pet grooming vacuum for shedding dogs,Heavy shedding dog homes need visible fur capture and a repeatable routine,View FurQuiet kit,template added
1,Husky,Landing page,husky grooming vacuum,Undercoat shedding requires slow repeated brush passes and cleanup proof,Read husky guide,template added
1,Cat grooming,Landing page,long hair cat grooming vacuum,Cat tolerance matters more than speed; quiet-start first,Read cat guide,template added
1,Apartment cleanup,Landing page,apartment pet hair control,Small spaces make loose fur visible faster,Read apartment guide,template added
1,Comparison,Landing page,pet grooming vacuum vs deshedding brush,A brush loosens fur; a vacuum kit collects it during the pass,Compare options,template added
1,Nervous pets,Landing page,how to introduce nervous dog to grooming vacuum,"Distance, sound, rewards, and short sessions",Read quiet-start guide,template added
1,Routine finder,Interactive page,which pet grooming vacuum routine is right for my pet,Segment visitors by pet type temperament and home problem,Find routine,template added
2,Kit contents,FAQ section,what comes in a pet grooming vacuum kit,List attachments and what each one does,See kit,planned
2,Noise,FAQ section,how loud is a pet grooming vacuum,Avoid exact dB until sample test; explain introduction routine,Join first batch,planned
2,Maintenance,Guide,how to clean pet grooming vacuum filter,Dust cup emptying and filter drying sequence,View care guide,template added
2,Breed page,Guide,golden retriever shedding vacuum,Seasonal fur pile hook and dust cup proof,View grooming kit,planned
2,Breed page,Guide,german shepherd grooming vacuum,Undercoat and routine brushing angle,View grooming kit,planned
2,Breed page,Guide,corgi shedding vacuum,Small dog heavy shedder angle,View grooming kit,planned
2,Breed page,Guide,samoyed grooming vacuum,High-volume fur and patience routine,View grooming kit,planned
2,Home surfaces,Guide,pet hair on sofa before after,Before-after content and prevention routine,View FurQuiet,planned
2,Home surfaces,Guide,pet hair on rugs and carpets,Brush before vacuuming room,View FurQuiet,planned
2,Objection,FAQ section,can a grooming vacuum replace a groomer,No; at-home maintenance between grooming visits,Read FAQ,planned
2,Safety,FAQ section,are grooming vacuums safe for cats,Gradual intro and never force frightened pets,Read cat guide,planned
3,Social proof,Blog,pet grooming vacuum dust cup reveal,Why visible proof converts in short video,Join first batch,planned
3,Buying guide,Blog,what to check before buying a pet grooming vacuum,"Noise, parts, filters, plug, return policy",View checklist,planned
3,Accessories,Blog,replacement filters for pet grooming vacuum,Consumables and repeat purchase angle,Join list,planned
3,First batch,Blog,furquiet sample test notes,Public QA notes once sample arrives,Join first batch,blocked by sample
3,Returns,Blog,pet grooming vacuum return policy,Used pet grooming product return expectations,View policy,planned
3,UGC,Blog,best fur cup challenge ideas,How owners can show proof safely,Submit clip,planned
